RANK,MOVEMENT,PLAYER_ID,PLAYER,AVG,TOTAL SG:PUTTING,MEASURED ROUNDS
1,1,60004,Jacob Bridgeman,1.409,36.623,26
2,2,47420,Jake Knapp,1.291,27.115,21
3,0,35658,Kris Ventura,1.181,7.086,6
4,3,37275,Sam Ryder,0.992,6.946,7
5,3,51894,Vince Whaley,0.990,11.876,12
6,7,52215,Robert MacIntyre,0.886,19.485,22
7,-1,48153,Matthieu Pavon,0.818,13.913,17
8,3,54304,Karl Vilips,0.768,8.448,11
9,6,32102,Rickie Fowler,0.760,16.720,22
10,2,56630,Akshay Bhatia,0.730,16.053,22
11,8,47983,Chad Ramey,0.708,14.862,21
12,8,36326,David Lipsky,0.687,4.808,7
13,9,54576,Patrick Fishburn,0.666,3.997,6
13,-8,47995,Davis Riley,0.666,8.652,13
15,9,34098,Russell Henley,0.662,13.239,20
16,9,35461,Beau Hossler,0.631,5.044,8
17,53,47504,Sam Burns,0.609,9.747,16
18,8,34466,Peter Malnati,0.606,4.847,8
19,8,27214,Kevin Streelman,0.585,3.513,6
20,-4,57900,Chandler Phillips,0.568,9.653,17
21,24,60386,Sudarshan Yellamaraju,0.563,11.253,20
22,12,34099,Harris English,0.562,12.924,23
23,13,54628,Lee Hodges,0.551,7.718,14
24,-3,45522,Christiaan Bezuidenhout,0.550,7.155,13
24,4,57975,Harry Hall,0.550,11.009,20
26,25,52453,Nicolai Højgaard,0.549,10.422,19
27,2,46046,Scottie Scheffler,0.547,12.029,22
28,2,59141,Matt McCarty,0.545,13.617,25
29,-12,34046,Jordan Spieth,0.543,11.957,22
30,-20,39335,Kevin Roy,0.510,9.177,18
31,1,66417,Blades Brown,0.502,2.007,4
32,-14,52686,Rasmus Højgaard,0.488,7.322,15
33,-24,28252,Seamus Power,0.484,8.220,17
34,-1,51634,Sahith Theegala,0.463,13.439,29
35,-12,47917,Takumi Kanaya,0.442,7.953,18
36,2,50188,S.H. Kim,0.434,7.374,17
37,7,40006,Erik van Rooyen,0.429,4.291,10
38,2,51600,Jimmy Stanger,0.404,2.019,5
39,0,37378,Min Woo Lee,0.403,8.859,22
40,3,29936,Ryan Fox,0.375,5.996,16
41,15,27349,Alex Noren,0.371,6.671,18
42,3,51977,Max Greyserman,0.370,7.024,19
43,-8,33204,Shane Lowry,0.367,5.872,16
44,3,57259,Dan Brown,0.349,4.885,14
45,42,47591,Eric Cole,0.342,5.816,17
46,17,54591,Ben Griffin,0.320,7.044,22
47,11,36699,Patrick Rodgers,0.316,9.167,29
48,28,57366,Cameron Young,0.313,7.205,23
49,8,32839,Hideki Matsuyama,0.311,8.387,27
50,3,59567,Emilio Gonzalez,0.308,2.770,9
51,29,36799,Stephan Jaeger,0.293,5.279,18
51,3,27770,Camilo Villegas,0.293,1.173,4
53,13,48081,Xander Schauffele,0.285,5.989,21
54,-12,49947,Taylor Moore,0.279,4.735,17
55,5,29535,Brice Garnett,0.250,2.497,10
56,-25,28089,Jason Day,0.245,4.169,17
57,17,39977,Max Homa,0.243,4.620,19
58,4,55851,Pontus Nyholm,0.235,2.346,10
59,-4,50286,A.J. Ewart,0.226,3.834,17
60,9,59018,Ryan Gerard,0.220,5.927,27
61,3,52513,Carson Young,0.207,1.242,6
62,-14,35532,Tom Hoge,0.205,4.298,21
63,-26,59440,Ricky Castillo,0.203,3.453,17
64,19,48867,Matti Schmid,0.191,4.575,24
65,2,52375,Doug Ghim,0.190,1.902,10
66,2,36529,S.T. Lee,0.183,1.462,8
67,32,22405,Justin Rose,0.170,2.725,16
68,-27,32757,Patton Kizzire,0.152,2.280,15
69,4,34371,Adrien Saddier,0.149,1.935,13
70,31,49771,J.T. Poston,0.136,2.456,18
71,-19,29725,Tony Finau,0.128,2.566,20
71,8,46717,Viktor Hovland,0.128,2.566,20
73,8,40162,Justin Lower,0.115,0.692,6
74,8,59866,Nick Dunlap,0.097,0.680,7
75,20,46442,Maverick McNealy,0.095,2.374,25
76,15,52955,Ludvig Åberg,0.094,1.603,17
77,-18,24502,Adam Scott,0.092,1.929,21
78,-7,39975,Michael Kim,0.091,1.917,21
79,14,63121,William Mouw,0.090,1.438,16
80,4,29420,Billy Horschel,0.082,1.732,21
81,-20,46443,Brian Campbell,0.080,1.359,17
82,14,46340,Alex Smalley,0.078,1.797,23
83,3,48887,Matt Wallace,0.077,0.465,6
84,-19,31323,Gary Woodland,0.021,0.279,13
85,-1,48001,Zach Bauchou,0.017,0.364,21
86,-14,52666,Sami Valimaki,0.006,0.116,18
87,15,57123,Steven Fisk,-0.001,-0.010,16
88,6,35506,Mackenzie Hughes,-0.013,-0.238,18
89,-15,25493,Nick Taylor,-0.023,-0.593,26
90,7,55573,John VanDerLaan,-0.028,-0.330,12
91,7,52689,Rasmus Neergaard-Petersen,-0.030,-0.327,11
92,-2,37338,Zecheng Dou,-0.033,-0.620,19
93,7,28723,John Parry,-0.036,-0.611,17
94,-6,47993,Denny McCarthy,-0.051,-1.067,21
95,23,49960,Sepp Straka,-0.059,-1.247,21
96,-19,51997,Andrew Novak,-0.070,-1.402,20
97,13,49855,Kristoffer Reitan,-0.094,-1.597,17
98,6,51349,Nico Echavarria,-0.095,-2.179,23
99,7,59095,Chris Gotterup,-0.099,-2.479,25
100,8,40026,Daniel Berger,-0.103,-2.881,28
101,4,50525,Collin Morikawa,-0.116,-2.085,18
102,-13,59836,Pierceson Coody,-0.121,-3.016,25
102,-24,48117,Kurt Kitayama,-0.121,-2.786,23
104,15,40098,Matt Fitzpatrick,-0.126,-2.767,22
105,-55,28237,Rory McIlroy,-0.148,-2.071,14
106,10,65256,David Ford,-0.156,-2.031,13
107,2,35296,Haotong Li,-0.159,-3.025,19
108,19,54607,Danny Walker,-0.176,-2.821,16
109,-17,46464,Jordan Smith,-0.183,-3.103,17
110,-7,51287,Ryo Hisatsune,-0.188,-5.081,27
111,2,32070,Rafael Campos,-0.201,-1.811,9
112,3,54783,Dylan Wu,-0.209,-2.297,11
113,4,56781,Isaiah Salinda,-0.222,-1.773,8
114,42,33141,Keegan Bradley,-0.228,-3.879,17
115,5,55182,Tom Kim,-0.248,-5.208,21
116,5,50497,Adrien Dumont de Chassart,-0.249,-3.234,13
117,6,34587,Chan Kim,-0.266,-1.328,5
118,6,49120,Kensei Hirata,-0.272,-3.810,14
119,13,35450,Patrick Cantlay,-0.288,-4.890,17
120,-6,59143,Mac Meissner,-0.290,-4.935,17
121,4,57586,Jesper Svensson,-0.305,-1.218,4
122,-11,30911,Tommy Fleetwood,-0.309,-4.940,16
123,15,60067,Joe Highsmith,-0.311,-6.843,22
124,-17,40250,Taylor Pendrith,-0.316,-6.941,22
125,-3,36801,Mark Hubbard,-0.334,-5.338,16
126,18,57364,Michael Thorbjornsen,-0.366,-8.055,22
127,-15,55893,Sam Stevens,-0.367,-9.906,27
128,1,64442,Gordon Sargent,-0.384,-2.306,6
129,7,27644,Brian Harman,-0.385,-8.849,23
130,0,49766,Hank Lebioda,-0.387,-4.640,12
131,4,39546,Keith Mitchell,-0.398,-11.534,29
132,-1,49590,Frankie Capan III,-0.400,-1.600,4
133,13,27064,Jhonattan Vegas,-0.415,-6.648,16
134,0,50095,Austin Smotherman,-0.425,-7.225,17
135,14,25900,Lucas Glover,-0.434,-5.212,12
136,6,30926,Chris Kirk,-0.448,-8.508,19
137,2,57362,Austin Eckroat,-0.460,-5.517,12
138,12,51950,Max McGreevy,-0.462,-11.557,25
139,-6,46414,Aaron Rai,-0.481,-8.657,18
140,7,51003,Marco Penge,-0.496,-6.454,13
141,3,34021,Bud Cauley,-0.497,-11.427,23
142,9,37455,Si Woo Kim,-0.522,-15.145,29
143,20,51696,Rico Hoey,-0.537,-12.879,24
144,-18,34076,Joel Dahmen,-0.541,-8.120,15
145,-17,63343,Aldrich Potgieter,-0.574,-9.182,16
146,-10,63454,Johnny Keefer,-0.575,-9.772,17
147,13,39997,Corey Conners,-0.593,-13.052,22
148,0,31646,Emiliano Grillo,-0.601,-10.820,18
149,3,47393,Jeffrey Kang,-0.637,-5.099,8
150,4,51766,Wyndham Clark,-0.639,-13.409,21
151,20,39324,J.J. Spaun,-0.673,-11.445,17
152,15,36689,Brooks Koepka,-0.692,-9.001,13
153,4,54422,Christo Lamprecht,-0.704,-7.036,10
154,4,49228,Keita Nakajima,-0.707,-7.782,11
155,6,54421,Garrick Higgo,-0.714,-10.711,15
156,13,34256,Andrew Putnam,-0.750,-9.752,13
157,-14,33968,Thorbjørn Olesen,-0.771,-6.938,9
158,4,45157,Cam Davis,-0.782,-10.951,14
159,0,47347,Adam Schenk,-0.814,-14.649,18
160,3,40115,Adam Svensson,-0.824,-6.594,8
161,5,60019,Jackson Suber,-0.860,-6.881,8
162,8,61522,Michael Brennan,-0.965,-15.445,16
163,9,59006,Davis Chatfield,-1.021,-9.192,9
164,4,58168,Davis Thompson,-1.088,-15.234,14
165,8,66743,Luke Clanton,-1.200,-5.999,5
166,8,63807,Neal Shipley,-1.312,-13.116,10
167,8,12716,Charley Hoffman,-1.406,-8.435,6
168,-3,45242,Kevin Yu,-1.454,-17.451,12
169,7,38991,Alejandro Tosti,-1.479,-11.830,8
170,7,54788,Chandler Blanchet,-1.646,-13.166,8
171,7,37076,Marcelo Rozo,-2.126,-21.256,10