player_name,market,book,decimal_odds
Gary Woodland,win,draftkings,3.40
Gary Woodland,top_10,draftkings,1.14
Nicolai Hojgaard,win,draftkings,5.40
Nicolai Hojgaard,top_10,draftkings,1.26
Min Woo Lee,win,draftkings,5.85
Min Woo Lee,top_10,draftkings,1.27
Jason Day,win,draftkings,9.90
Jason Day,top_10,draftkings,1.45
Michael Thorbjornsen,win,draftkings,13.75
Michael Thorbjornsen,top_10,draftkings,1.61
Jackson Suber,win,draftkings,16.50
Jackson Suber,top_10,draftkings,1.81
Sam Stevens,win,draftkings,17.50
Sam Stevens,top_10,draftkings,1.74
Adam Scott,win,draftkings,26.00
Adam Scott,top_10,draftkings,2.02
Jake Knapp,win,draftkings,32.00
Jake Knapp,top_10,draftkings,2.20
Keith Mitchell,win,draftkings,50.00
Keith Mitchell,top_10,draftkings,2.72
Sahith Theegala,win,draftkings,54.00
Sahith Theegala,top_10,draftkings,2.78
Zecheng Dou,win,draftkings,71.00
Zecheng Dou,top_10,draftkings,3.25
Karl Vilips,win,draftkings,91.00
Karl Vilips,top_10,draftkings,3.70
Matt Wallace,win,draftkings,99.00
Matt Wallace,top_10,draftkings,3.65
Rasmus Hojgaard,win,draftkings,99.00
Rasmus Hojgaard,top_10,draftkings,3.85
Alex Smalley,win,draftkings,111.00
Alex Smalley,top_10,draftkings,3.85
Chad Ramey,win,draftkings,121.00
Chad Ramey,top_10,draftkings,4.00
Stephan Jaeger,win,draftkings,131.00
Stephan Jaeger,top_10,draftkings,4.25
Aldrich Potgieter,win,draftkings,141.00
Aldrich Potgieter,top_10,draftkings,4.80
Rico Hoey,win,draftkings,146.00
Rico Hoey,top_10,draftkings,4.50
Sudarshan Yellamaraju,win,draftkings,171.00
Sudarshan Yellamaraju,top_10,draftkings,4.90
Sam Ryder,win,draftkings,171.00
Sam Ryder,top_10,draftkings,5.00
Jhonattan Vegas,win,draftkings,181.00
Jhonattan Vegas,top_10,draftkings,5.35
Harry Hall,win,draftkings,181.00
Harry Hall,top_10,draftkings,4.85
Tom Kim,win,draftkings,186.00
Tom Kim,top_10,draftkings,4.95
Adrien Dumont De Chassart,win,draftkings,186.00
Adrien Dumont De Chassart,top_10,draftkings,5.20
Max McGreevy,win,draftkings,196.00
Max McGreevy,top_10,draftkings,5.10
Chris Gotterup,win,draftkings,201.00
Chris Gotterup,top_10,draftkings,5.35
Shane Lowry,win,draftkings,201.00
Shane Lowry,top_10,draftkings,5.20
Johnny Keefer,win,draftkings,241.00
Johnny Keefer,top_10,draftkings,5.95
Sam Burns,win,draftkings,241.00
Sam Burns,top_10,draftkings,5.70
Ricky Castillo,win,draftkings,251.00
Ricky Castillo,top_10,draftkings,5.95
Kurt Kitayama,win,draftkings,261.00
Kurt Kitayama,top_10,draftkings,6.00
Tony Finau,win,draftkings,261.00
Tony Finau,top_10,draftkings,6.10
Beau Hossler,win,draftkings,311.00
Beau Hossler,top_10,draftkings,6.70
Vince Whaley,win,draftkings,331.00
Vince Whaley,top_10,draftkings,7.00
Michael Brennan,win,draftkings,331.00
Michael Brennan,top_10,draftkings,7.20
Harris English,win,draftkings,371.00
Harris English,top_10,draftkings,6.90
Thorbjorn Olesen,win,draftkings,381.00
Thorbjorn Olesen,top_10,draftkings,7.20
Matti Schmid,win,draftkings,391.00
Matti Schmid,top_10,draftkings,7.90
Paul Waring,win,draftkings,391.00
Paul Waring,top_10,draftkings,8.30
Denny McCarthy,win,draftkings,421.00
Denny McCarthy,top_10,draftkings,7.70
Pontus Nyholm,win,draftkings,441.00
Pontus Nyholm,top_10,draftkings,8.70
Chris Kirk,win,draftkings,551.00
Chris Kirk,top_10,draftkings,9.10
Sungjae Im,win,draftkings,551.00
Sungjae Im,top_10,draftkings,9.20
Jeffrey Kang,win,draftkings,601.00
Jeffrey Kang,top_10,draftkings,10.70
Austin Eckroat,win,draftkings,626.00
Austin Eckroat,top_10,draftkings,10.10
Ben Griffin,win,draftkings,801.00
Ben Griffin,top_10,draftkings,10.60
Mac Meissner,win,draftkings,826.00
Mac Meissner,top_10,draftkings,11.00
Bronson Burgoon,win,draftkings,826.00
Bronson Burgoon,top_10,draftkings,11.50
Jesper Svensson,win,draftkings,851.00
Jesper Svensson,top_10,draftkings,12.25
Takumi Kanaya,win,draftkings,951.00
Takumi Kanaya,top_10,draftkings,12.00
Christiaan Bezuidenhout,win,draftkings,976.00
Christiaan Bezuidenhout,top_10,draftkings,12.00
William Mouw,win,draftkings,976.00
William Mouw,top_10,draftkings,12.75
Jimmy Stanger,win,draftkings,1001.00
Jimmy Stanger,top_10,draftkings,14.00
Jordan Smith,win,draftkings,1301.00
Jordan Smith,top_10,draftkings,15.00
Steven Fisk,win,draftkings,1301.00
Steven Fisk,top_10,draftkings,15.25
Emiliano Grillo,win,draftkings,1601.00
Emiliano Grillo,top_10,draftkings,17.00
Lee Hodges,win,draftkings,2251.00
Lee Hodges,top_10,draftkings,21.00
Eric Cole,win,draftkings,2251.00
Eric Cole,top_10,draftkings,22.00
Kevin Roy,win,draftkings,2501.00
Kevin Roy,top_10,draftkings,23.50
John Parry,win,draftkings,2501.00
John Parry,top_10,draftkings,22.50
Andrew Putnam,win,draftkings,2501.00
Andrew Putnam,top_10,draftkings,21.00
Garrick Higgo,win,draftkings,2751.00
Garrick Higgo,top_10,draftkings,25.00
Davis Riley,win,draftkings,3001.00
Davis Riley,top_10,draftkings,29.00
Luke Clanton,win,draftkings,3251.00
Luke Clanton,top_10,draftkings,30.00
Matthieu Pavon,win,draftkings,3501.00
Matthieu Pavon,top_10,draftkings,28.00
Tom Hoge,win,draftkings,4001.00
Tom Hoge,top_10,draftkings,33.00
Adrien Saddier,win,draftkings,4001.00
Adrien Saddier,top_10,draftkings,31.00
Danny Walker,win,draftkings,4501.00
Danny Walker,top_10,draftkings,40.00
Brice Garnett,win,draftkings,4501.00
Brice Garnett,top_10,draftkings,38.00
Matt Kuchar,win,draftkings,4501.00
Matt Kuchar,top_10,draftkings,36.00
Erik Van Rooyen,win,draftkings,5001.00
Erik Van Rooyen,top_10,draftkings,46.00
Danny Willett,win,draftkings,5001.00
Danny Willett,top_10,draftkings,97.00
Peter Malnati,win,draftkings,5001.00
Peter Malnati,top_10,draftkings,69.00
Gary Woodland,top_20,draftkings,1.05
Min Woo Lee,top_20,draftkings,1.08
Nicolai Hojgaard,top_20,draftkings,1.08
Jason Day,top_20,draftkings,1.15
Michael Thorbjornsen,top_20,draftkings,1.21
Sam Stevens,top_20,draftkings,1.26
Jackson Suber,top_20,draftkings,1.30
Adam Scott,top_20,draftkings,1.36
Jake Knapp,top_20,draftkings,1.43
Keith Mitchell,top_20,draftkings,1.63
Sahith Theegala,top_20,draftkings,1.64
Zecheng Dou,top_20,draftkings,1.81
Matt Wallace,top_20,draftkings,1.93
Alex Smalley,top_20,draftkings,1.98
Karl Vilips,top_20,draftkings,2.00
Rasmus Hojgaard,top_20,draftkings,2.02
Chad Ramey,top_20,draftkings,2.05
Stephan Jaeger,top_20,draftkings,2.12
Rico Hoey,top_20,draftkings,2.22
Harry Hall,top_20,draftkings,2.30
Tom Kim,top_20,draftkings,2.32
Sudarshan Yellamaraju,top_20,draftkings,2.34
Aldrich Potgieter,top_20,draftkings,2.36
Max McGreevy,top_20,draftkings,2.38
Sam Ryder,top_20,draftkings,2.38
Shane Lowry,top_20,draftkings,2.40
Adrien Dumont De Chassart,top_20,draftkings,2.44
Chris Gotterup,top_20,draftkings,2.46
Jhonattan Vegas,top_20,draftkings,2.52
Sam Burns,top_20,draftkings,2.56
Ricky Castillo,top_20,draftkings,2.64
Kurt Kitayama,top_20,draftkings,2.64
Johnny Keefer,top_20,draftkings,2.68
Tony Finau,top_20,draftkings,2.70
Beau Hossler,top_20,draftkings,2.88
Harris English,top_20,draftkings,2.88
Vince Whaley,top_20,draftkings,3.00
Thorbjorn Olesen,top_20,draftkings,3.00
Michael Brennan,top_20,draftkings,3.05
Denny McCarthy,top_20,draftkings,3.10
Matti Schmid,top_20,draftkings,3.25
Paul Waring,top_20,draftkings,3.40
Pontus Nyholm,top_20,draftkings,3.50
Chris Kirk,top_20,draftkings,3.50
Sungjae Im,top_20,draftkings,3.55
Austin Eckroat,top_20,draftkings,3.80
Ben Griffin,top_20,draftkings,3.85
Mac Meissner,top_20,draftkings,4.00
Jeffrey Kang,top_20,draftkings,4.10
Christiaan Bezuidenhout,top_20,draftkings,4.20
Takumi Kanaya,top_20,draftkings,4.20
Bronson Burgoon,top_20,draftkings,4.20
Jesper Svensson,top_20,draftkings,4.40
William Mouw,top_20,draftkings,4.50
Jimmy Stanger,top_20,draftkings,4.90
Jordan Smith,top_20,draftkings,4.95
Steven Fisk,top_20,draftkings,5.10
Emiliano Grillo,top_20,draftkings,5.60
Andrew Putnam,top_20,draftkings,6.20
Lee Hodges,top_20,draftkings,6.30
John Parry,top_20,draftkings,6.60
Eric Cole,top_20,draftkings,6.70
Kevin Roy,top_20,draftkings,7.00
Garrick Higgo,top_20,draftkings,7.40
Matthieu Pavon,top_20,draftkings,8.20
Davis Riley,top_20,draftkings,8.50
Luke Clanton,top_20,draftkings,8.70
Adrien Saddier,top_20,draftkings,8.80
Tom Hoge,top_20,draftkings,9.30
Matt Kuchar,top_20,draftkings,9.30
Brice Garnett,top_20,draftkings,9.90
Danny Walker,top_20,draftkings,10.70
Erik Van Rooyen,top_20,draftkings,12.00
Peter Malnati,top_20,draftkings,16.00
Danny Willett,top_20,draftkings,21.00
